,y_true,y_pred,y_pred_proba
0,0,0,0.23621248
0,0,0,0.40063363
0,0,1,0.5114073
0,0,0,0.4656705
0,0,1,0.5318828
0,0,1,0.62711996
0,0,0,0.25373363
0,0,0,0.4719527
0,0,0,0.48315096
0,0,1,0.5984091
0,0,1,0.5624961
0,0,1,0.558406
0,0,1,0.64067715
0,0,1,0.64067715
0,0,1,0.66544145
0,0,1,0.6006269
0,0,1,0.6059642
0,0,1,0.6130199
0,0,0,0.2989725
0,0,0,0.37017518
0,0,1,0.6007407
0,0,1,0.8083591
0,0,1,0.7882964
0,0,1,0.793306
0,0,1,0.77137035
0,0,1,0.60788214
0,0,1,0.66335213
0,0,1,0.6579246
0,0,1,0.66222215
0,0,1,0.80277926
0,0,1,0.78749645
0,0,1,0.6725041
0,0,1,0.69486606
0,0,1,0.812466
0,0,1,0.6338868
0,0,1,0.5866149
0,0,1,0.56251293
0,0,1,0.5081414
0,0,0,0.46080163
0,0,0,0.40510064
0,0,0,0.42567036
0,0,0,0.23492809
0,0,0,0.25883687
0,0,0,0.45222026
0,0,1,0.60635704
0,0,1,0.60635704
0,0,1,0.6228592
0,0,1,0.7899934
0,0,1,0.7899934
0,0,1,0.7899934
0,0,1,0.6313971
0,0,1,0.6313971
0,0,1,0.539923
0,0,0,0.48311612
0,0,0,0.35421184
0,0,0,0.19446585
0,0,1,0.5566977
0,0,0,0.23478305
0,0,0,0.41725385
0,0,1,0.53220314
0,0,1,0.6007407
0,0,1,0.6189644
0,0,1,0.59544784
0,0,1,0.59544784
0,0,0,0.4993766
0,0,0,0.4993766
0,0,1,0.54357505
0,0,1,0.52021086
0,0,0,0.3626034
0,0,0,0.31721848
0,0,0,0.33228794
0,0,0,0.16863023
0,0,1,0.6205451
0,0,0,0.45513782
0,0,0,0.45922214
0,0,1,0.52643955
0,0,1,0.57844746
0,0,1,0.71913236
0,0,1,0.6106102
0,0,0,0.4660281
0,0,0,0.2407984
0,0,0,0.42449686
0,0,1,0.53220314
0,0,1,0.5150382
0,0,0,0.31643763
0,0,0,0.20110337
0,0,0,0.42449686
0,0,1,0.5012568
0,0,0,0.4699079
0,0,0,0.38772988
0,0,0,0.28503123
0,0,0,0.28503123
0,0,0,0.39883086
0,0,0,0.40543723
0,0,0,0.47419816
0,0,0,0.45514545
0,0,0,0.4733798
0,0,0,0.4684008
0,0,0,0.47580674
0,0,0,0.49968097
0,0,0,0.34304926
0,0,0,0.21094267
0,0,0,0.20331994
0,0,0,0.26991668
0,0,0,0.26991668
0,0,0,0.24498126
0,0,0,0.26568282
0,0,0,0.26568282
0,0,0,0.28060946
0,0,0,0.2754464
0,0,0,0.26230657
0,0,0,0.24178147
0,0,0,0.18278751
0,0,0,0.1581917
0,0,0,0.15067017
0,0,0,0.25210974
0,0,0,0.20091066
0,0,0,0.2654843
0,0,0,0.20961593
0,0,0,0.23213406
0,0,0,0.23213406
0,0,0,0.26390254
0,0,0,0.22045034
0,0,0,0.22045034
0,0,0,0.20834346
0,0,0,0.25219008
0,0,0,0.25219008
0,0,0,0.25219008
0,0,0,0.18470815
0,0,0,0.18470815
0,0,0,0.2364111
0,0,0,0.18404044
0,0,0,0.18404044
0,0,0,0.18404044
0,0,0,0.28975108
0,0,0,0.28888583
0,0,0,0.27817705
0,0,0,0.21559156
0,0,0,0.2628371
0,0,0,0.2628371
0,0,0,0.13002117
0,0,0,0.24744523
0,0,0,0.24473561
0,0,0,0.24473561
0,0,0,0.30390993
0,0,0,0.27520743
0,0,0,0.27520743
0,0,0,0.25017518
0,0,0,0.2686734
0,0,0,0.33762452
0,0,0,0.36712277
0,0,0,0.2886399
0,0,0,0.1184724
0,0,0,0.17039418
0,0,0,0.19612433
0,0,0,0.19612433
0,0,0,0.17039418
0,0,0,0.2900561
0,0,0,0.255926
0,0,0,0.29959926
0,0,0,0.24594758
0,0,0,0.33535507
0,0,0,0.3065573
0,0,0,0.3289414
0,0,0,0.38559055
0,0,0,0.24523011
0,0,0,0.22897772
0,0,0,0.3065573
0,0,1,0.5652405
0,0,0,0.42583463
0,0,0,0.42583463
0,0,0,0.33939552
0,0,0,0.33939552
0,0,0,0.33939552
0,0,0,0.17012936
0,0,0,0.17012936
0,0,0,0.14890017
0,0,0,0.26083827
0,0,0,0.25634754
0,0,0,0.25634754
0,0,0,0.26216742
0,0,0,0.28866678
0,0,0,0.32724074
0,0,0,0.17960349
0,0,0,0.08262407
0,0,0,0.08262407
0,0,0,0.049617372
0,0,0,0.012029018
0,0,0,0.010478298
0,0,0,0.06319135
0,0,0,0.158169
0,0,0,0.158169
0,0,0,0.22624435
0,0,0,0.1663543
0,0,0,0.44993258
0,0,0,0.34470767
0,0,0,0.20237751
0,0,0,0.20237751
0,0,0,0.20237751
0,0,0,0.20237751
0,0,0,0.3594801
0,0,0,0.3594801
0,0,0,0.3594801
0,0,0,0.3594801
0,0,0,0.3594801
0,0,0,0.3594801
0,0,0,0.15243769
0,0,0,0.15243769
0,0,0,0.15196566
0,0,0,0.15196566
0,0,0,0.15196566
0,0,0,0.23043449
0,0,0,0.23043449
0,0,0,0.23043449
0,0,0,0.21949603
0,0,0,0.21949603
0,0,0,0.19338568
0,0,0,0.12045573
0,0,0,0.14878038
0,0,0,0.07609658
0,0,0,0.07609658
0,0,0,0.07609658
0,0,0,0.07609658
0,0,0,0.07609658
0,0,0,0.08010385
0,0,0,0.10554604
0,0,0,0.10554604
0,0,0,0.10554604
0,0,0,0.15243769
0,0,0,0.15243769
0,0,0,0.22347762
0,0,0,0.22347762
0,0,0,0.15243769
0,0,0,0.15243769
0,0,0,0.14863779
0,0,0,0.15565556
0,0,0,0.31803706
0,0,0,0.31803706
0,0,0,0.31803706
0,0,0,0.293985
0,0,0,0.3358958
0,0,0,0.0580916
0,0,0,0.05338945
0,0,0,0.062224004
0,0,0,0.068106234
0,0,0,0.068106234
0,0,0,0.018000223
0,0,0,0.18602407
0,0,0,0.175028
0,0,0,0.21500228
0,0,0,0.15375037
0,0,0,0.14970087
0,0,0,0.16573863
0,0,0,0.22766474
0,0,0,0.24657509
0,0,0,0.24657509
0,0,0,0.4215698
0,0,0,0.3572348
0,0,0,0.404842
0,0,0,0.32677943
0,0,0,0.32677943
0,0,0,0.36910462
0,0,0,0.17895882
0,0,0,0.22229113
0,0,0,0.22229113
0,0,0,0.22482313
0,0,0,0.19740333
0,0,0,0.202436
0,0,0,0.18607475
0,0,0,0.1423088
0,0,0,0.16075923
0,0,0,0.10139051
0,0,0,0.10139051
0,0,0,0.10139051
0,0,0,0.13985151
0,0,0,0.13985151
0,0,0,0.4123282
0,0,0,0.4932714
0,0,0,0.1987831
0,0,0,0.16768813
0,0,0,0.16768813
0,0,0,0.16768813
0,0,0,0.16768813
0,0,0,0.16768813
0,0,0,0.17959893
0,0,0,0.19203365
0,0,0,0.19203365
0,0,0,0.19203365
0,0,0,0.28372812
0,0,0,0.1656591
0,0,0,0.22498038
0,0,0,0.23781389
0,0,0,0.23781389
0,0,0,0.23781389
0,0,0,0.23781389
0,0,0,0.28247887
0,0,0,0.25864694
0,0,0,0.2026331
0,0,0,0.18857352
0,0,0,0.19343536
0,0,0,0.21384384
0,0,0,0.22777821
0,0,0,0.13350128
0,0,0,0.13350128
0,0,0,0.14056706
0,0,0,0.14269327
0,0,0,0.1746857
0,0,0,0.27088234
0,0,0,0.21412511
0,0,0,0.19515248
0,0,0,0.19950469
0,0,0,0.19950469
0,0,0,0.19950469
0,0,0,0.29315874
0,0,0,0.29315874
0,0,0,0.2699391
0,0,0,0.26707405
0,0,0,0.24295314
0,0,0,0.24295314
0,0,0,0.17341782
0,0,0,0.17978024
0,0,0,0.18547891
0,0,0,0.18547891
0,0,0,0.17661954
0,0,0,0.17661954
0,0,0,0.17661954
0,0,0,0.15920046
0,0,0,0.16846654
0,0,0,0.16846654
0,0,0,0.16846654
0,0,0,0.16846654
0,0,0,0.16846654
0,0,0,0.24504976
0,0,0,0.2562733
0,0,0,0.2562733
0,0,0,0.2562733
0,0,0,0.2562733
0,0,0,0.2562733
0,0,0,0.20098534
0,0,0,0.15742089
0,0,0,0.15742089
0,0,0,0.15742089
0,0,0,0.1316025
0,0,0,0.20241565
0,0,0,0.20007086
0,0,0,0.18062362
0,0,0,0.18062362
0,0,0,0.18062362
0,0,0,0.14962767
0,0,0,0.16846654
0,0,0,0.26897052
0,0,0,0.22266923
0,0,0,0.20202024
0,0,0,0.21940562
0,0,0,0.21940562
0,0,0,0.21940562
0,0,0,0.21940562
0,0,0,0.27153537
0,0,0,0.29664826
0,0,0,0.13985151
0,0,0,0.13985151
0,0,0,0.14480868
0,0,0,0.15623352
0,0,0,0.15623352
0,0,0,0.14480868
0,0,0,0.14480868
0,0,0,0.15623352
0,0,0,0.19500712
0,0,0,0.18810591
0,0,0,0.20480143
0,0,0,0.3955389
0,0,0,0.16846654
0,0,0,0.16846654
0,0,0,0.27864113
0,0,0,0.12251749
0,0,0,0.12251749
0,0,0,0.124094374
0,0,0,0.12904878
0,0,0,0.12904878
0,0,0,0.20072125
0,0,0,0.18582569
0,0,0,0.18111219
0,0,0,0.18111219
0,0,0,0.19972467
0,0,0,0.1835321
0,0,0,0.1835321
0,0,0,0.18135633
0,0,0,0.22668166
0,0,0,0.22668166
0,0,0,0.22668166
0,0,0,0.22668166
0,0,0,0.22668166
0,0,0,0.22668166
0,0,0,0.16846654
0,0,0,0.24906462
0,0,0,0.24906462
0,0,0,0.24906462
0,0,0,0.24906462
0,0,0,0.24906462
0,0,0,0.14878224
0,0,0,0.13255437
0,0,0,0.11913657
0,0,0,0.11913657
0,0,0,0.11913657
0,0,0,0.11913657
0,0,0,0.16846654
0,0,0,0.09406851
0,0,0,0.10499952
0,0,0,0.10499952
0,0,0,0.11074961
0,0,0,0.099286355
0,0,0,0.09406851
0,0,0,0.12351359
0,0,0,0.110893935
0,0,0,0.12351359
0,0,0,0.110893935
0,0,0,0.1838254
0,0,0,0.2280089
0,0,0,0.27617103
0,0,0,0.3738436
0,0,0,0.30838636
0,0,0,0.30838636
0,0,0,0.2562733
0,0,0,0.21384384
0,0,0,0.2938267
0,0,0,0.2938267
0,0,0,0.17785732
0,0,0,0.28895566
0,0,0,0.28895566
0,0,0,0.20990466
0,0,0,0.20990466
0,0,0,0.20473397
0,0,0,0.1661154
0,0,0,0.17977987
0,0,0,0.17977987
0,0,0,0.17977987
0,0,0,0.17977987
0,0,0,0.18446651
0,0,0,0.20333812
0,0,0,0.20333812
0,0,0,0.39338693
0,0,0,0.16410461
0,0,0,0.16410461
0,0,0,0.18135633
0,0,0,0.1980935
0,0,0,0.20775825
0,0,0,0.17895882
0,0,0,0.19740333
0,0,0,0.202436
0,0,0,0.202436
0,0,0,0.202436
0,0,0,0.202436
0,0,0,0.19295855
0,0,0,0.16345753
0,0,0,0.06123452
0,0,0,0.06924081
0,0,0,0.06924081
0,0,0,0.06924081
0,0,0,0.06924081
0,0,0,0.09085338
0,0,0,0.16543183
0,0,0,0.2532624
0,0,0,0.45490122
0,0,0,0.23099329
0,0,0,0.2470217
0,0,0,0.34521237
0,0,0,0.19500712
0,0,0,0.19072966
0,0,0,0.19072966
0,0,0,0.2592452
0,0,0,0.4786219
0,0,0,0.31637964
0,0,0,0.31637964
0,0,0,0.29724437
0,0,0,0.13967894
0,0,0,0.19248086
0,0,0,0.19248086
0,0,0,0.23192206
0,0,0,0.21981944
0,0,0,0.22668166
0,0,0,0.22190094
0,0,0,0.22190094
0,0,0,0.3037331
0,0,0,0.2488063
0,0,0,0.2488063
0,0,0,0.2715903
0,0,0,0.2654105
0,0,0,0.28629386
0,0,0,0.20775825
0,0,0,0.20775825
0,0,0,0.21016946
0,0,0,0.21016946
0,0,1,0.5853665
0,0,0,0.37678137
0,0,0,0.37678137
0,0,0,0.19157813
0,0,0,0.19157813
0,0,0,0.19157813
0,0,0,0.18279256
0,0,0,0.18279256
0,0,0,0.14907278
0,0,0,0.25268388
0,0,0,0.25268388
0,0,0,0.2572356
0,0,0,0.304935
0,0,0,0.28280592
0,0,0,0.24468711
0,0,0,0.10530549
0,0,0,0.10652628
0,0,0,0.10652628
0,0,0,0.07139884
0,0,0,0.072372034
0,0,0,0.072372034
0,0,0,0.1361092
0,0,0,0.124094374
0,0,0,0.27260506
0,0,0,0.34599316
0,0,0,0.20142011
0,0,0,0.17051989
0,0,0,0.09531899
0,0,0,0.091523446
0,0,0,0.037739284
0,0,0,0.042313468
0,0,0,0.041726295
0,0,0,0.013391885
0,0,0,0.03479097
0,0,0,0.11924783
0,0,0,0.11772425
0,0,0,0.23558092
0,0,0,0.23821792
0,0,0,0.17877473
0,0,0,0.18194892
0,0,0,0.25341687
0,0,0,0.18763746
0,0,0,0.1661154
0,0,0,0.13047945
0,0,0,0.13047945
0,0,0,0.15024152
0,0,0,0.17617503
0,0,0,0.2431894
0,0,0,0.34221244
0,0,0,0.35174343
0,0,0,0.27550575
0,0,0,0.2715903
0,0,0,0.2744856
0,0,0,0.2939223
0,0,0,0.19828926
0,0,0,0.065316804
0,0,0,0.065316804
0,0,0,0.065316804
0,0,0,0.065316804
0,0,0,0.065316804
0,0,0,0.065316804
0,0,0,0.20098534
0,0,0,0.20098534
0,0,0,0.29692113
0,0,0,0.23417778
0,0,0,0.12848152
0,0,0,0.12848152
0,0,0,0.13942352
0,0,0,0.13942352
0,0,0,0.20007086
0,0,0,0.18062362
0,0,0,0.1719472
0,0,0,0.1656591
0,0,0,0.1656591
0,0,0,0.14962767
0,0,0,0.19867036
0,0,0,0.065316804
0,0,0,0.065316804
0,0,0,0.065316804
0,0,0,0.06810702
0,0,0,0.071999274
0,0,0,0.071999274
0,0,0,0.15790465
0,0,0,0.16725986
0,0,0,0.16725986
0,0,0,0.11367476
0,0,0,0.101943485
0,0,0,0.106977835
0,0,0,0.17483886
0,0,0,0.16846654
0,0,0,0.16846654
0,0,0,0.16846654
0,0,0,0.16846654
0,0,0,0.16846654
0,0,0,0.18607475
0,0,0,0.18607475
0,0,0,0.18607475
0,0,0,0.18607475
0,0,0,0.18607475
0,0,0,0.18607475
0,0,0,0.20962444
0,0,0,0.20962444
0,0,0,0.20962444
0,0,0,0.20721474
0,0,0,0.20721474
0,0,0,0.20273693
0,0,0,0.3443142
0,0,0,0.1404176
0,0,0,0.21374044
0,0,0,0.4161351
0,0,0,0.4161351
0,0,0,0.4161351
0,0,0,0.4161351
0,0,0,0.37632197
0,0,0,0.26155263
0,0,0,0.34147677
0,0,0,0.34147677
0,0,0,0.38153982
0,0,0,0.4671841
0,0,0,0.45530587
0,0,0,0.45265043
0,0,1,0.6449795
0,0,0,0.320991
0,0,0,0.097259596
0,0,0,0.119413316
0,0,0,0.26870608
0,0,0,0.336324
0,0,0,0.336324
0,0,0,0.336324
0,0,1,0.5761254
0,0,1,0.6290811
0,0,1,0.658946
0,0,1,0.658946
0,0,1,0.658946
0,0,1,0.658946
0,0,1,0.658946
0,0,1,0.67884684
0,0,1,0.66866595
0,0,1,0.5968396
0,0,1,0.58985573
0,0,1,0.5971615
0,0,0,0.4635816
0,0,0,0.42649937
0,0,0,0.43378338
0,0,0,0.43378338
0,0,0,0.4337833
0,0,0,0.45779943
0,0,0,0.45779943
0,0,0,0.40851274
0,0,0,0.4158497
0,0,0,0.4158497
0,0,0,0.41859835
0,0,0,0.4038177
0,0,0,0.4038177
0,0,1,0.53674954
0,0,0,0.4385438
0,0,0,0.37891293
0,0,0,0.28842533
0,0,0,0.43811092
0,0,1,0.5242532
0,0,1,0.5242532
0,0,0,0.4961022
0,0,1,0.50768155
0,0,0,0.22508977
0,0,0,0.39582878
0,0,0,0.17533845
0,0,0,0.1659549
0,0,0,0.4117174
0,0,0,0.38364285
0,0,0,0.38272077
0,0,0,0.38272077
0,0,0,0.38272077
0,0,0,0.3933636
0,0,0,0.40771154
0,0,0,0.2929774
0,0,0,0.38581574
0,0,0,0.34808525
0,0,0,0.17023803
0,0,0,0.17023803
0,0,0,0.18341054
0,0,0,0.14962767
0,0,0,0.12157107
0,0,0,0.13536465
0,0,0,0.16327606
0,0,0,0.19880347
0,0,0,0.17576003
0,0,0,0.3608999
0,0,0,0.36250043
0,0,0,0.33733597
0,0,1,0.5980975
0,0,1,0.6276714
0,0,0,0.4334662
0,0,0,0.4334662
0,0,0,0.14572601
0,0,0,0.13517718
0,0,0,0.07775545
0,0,0,0.09023977
0,0,0,0.22479378
0,0,0,0.30726963
0,0,0,0.2852753
0,0,1,0.53957987
0,0,0,0.3994353
0,0,0,0.2690336
0,0,0,0.26213518
0,0,0,0.26213518
0,0,0,0.25327516
0,0,0,0.2112011
0,0,0,0.16862725
0,0,0,0.19042854
0,0,0,0.15538286
0,0,0,0.15902339
0,0,0,0.36061436
0,0,0,0.1575339
0,0,0,0.35430312
0,0,0,0.14053199
0,0,0,0.17215483
0,0,0,0.17977905
0,0,0,0.24959002
0,0,0,0.38509673
0,0,0,0.43681327
0,0,0,0.3875789
0,0,1,0.57230544
0,0,0,0.39852569
0,0,0,0.3434196
0,0,0,0.3434196
0,0,0,0.41188452
0,0,0,0.35471854
0,0,0,0.34756058
0,0,0,0.39392006
0,0,1,0.5177343
0,0,1,0.55522877
0,0,1,0.55522877
0,0,1,0.62138355
0,0,1,0.558352
0,0,0,0.35426554
0,0,0,0.35426554
0,0,0,0.29319793
0,0,0,0.35426554
0,0,0,0.35527447
0,0,0,0.38350692
0,0,0,0.38350692
0,0,0,0.38350692
0,0,0,0.3601956
0,0,0,0.18062362
0,0,0,0.2923378
0,0,0,0.27989164
0,0,0,0.2286348
0,0,0,0.25855264
0,0,0,0.26559734
0,0,0,0.25361314
0,0,0,0.25361314
0,0,0,0.19601122
0,0,0,0.27162883
0,0,0,0.44895023
0,0,0,0.44895023
0,0,1,0.55929
0,0,1,0.5165291
0,0,1,0.57600015
0,0,1,0.6293535
0,0,1,0.6082118
0,0,0,0.29281718
0,0,0,0.23466024
0,0,0,0.23466024
0,0,0,0.24280529
0,0,0,0.2539606
0,0,0,0.2539606
0,0,0,0.33835635
0,0,0,0.35080943
0,0,0,0.38683808
0,0,0,0.48013073
0,0,1,0.562782
0,0,0,0.44048464
0,0,0,0.45915362
0,0,0,0.45915362
0,0,0,0.46394792
0,0,0,0.36198005
0,0,0,0.36198005
0,0,0,0.41632238
0,0,0,0.4729901
0,0,0,0.46853817
0,0,0,0.3020096
0,0,0,0.30670023
0,0,0,0.3313044
0,0,0,0.3313044
0,0,0,0.3651151
0,0,0,0.3940975
0,0,0,0.2605719
0,0,0,0.11157003
0,0,0,0.11157003
0,0,0,0.15910713
0,0,0,0.2858371
0,0,0,0.33531058
0,0,0,0.3075556
0,0,0,0.4732527
0,0,0,0.32498217
0,0,0,0.36136872
0,0,1,0.5275114
0,0,1,0.58904076
0,0,1,0.6228592
0,0,1,0.6228592
0,0,1,0.59942746
0,0,1,0.7080309
0,0,1,0.6162564
0,0,1,0.6162564
0,0,1,0.69393414
0,0,1,0.59856874
0,0,1,0.59856874
0,0,1,0.59856874
0,0,1,0.59856874
0,0,1,0.6530601
0,0,1,0.66210675
0,0,1,0.7793145
0,0,1,0.80796593
0,0,1,0.78400695
0,0,1,0.73298866
0,0,1,0.75667477
0,0,1,0.70340276
0,0,1,0.68866324
0,0,0,0.3895135
0,0,0,0.27385667
0,0,1,0.55395734
0,0,0,0.24103977
0,0,1,0.58709425
0,0,1,0.5673275
0,0,0,0.39818323
0,0,0,0.36136872
0,0,0,0.22418836
0,0,0,0.33241054
0,0,0,0.41493794
0,0,1,0.5014123
0,0,1,0.64515793
0,0,1,0.6887769
0,0,1,0.80353177
0,0,0,0.44832906
0,0,0,0.4520792
0,0,0,0.48026696
0,0,1,0.79375714
0,0,1,0.79375714
0,0,1,0.79375714
0,0,1,0.79375714
0,0,1,0.8180951
0,0,1,0.8108283
0,0,1,0.8147953
0,0,1,0.7859252
0,0,1,0.61915463
0,0,1,0.61915463
0,0,1,0.7227392
0,0,1,0.72565275
0,0,1,0.7925217
0,0,1,0.7925217
0,0,0,0.48496306
0,0,1,0.55036247
0,0,1,0.55036247
0,0,0,0.49578285
0,0,0,0.30995777
0,0,0,0.23369393
0,0,0,0.1619074
0,0,0,0.1619074
0,0,0,0.19807945
0,0,0,0.22618236
0,0,0,0.339774
0,0,0,0.339774
0,0,0,0.339774
0,0,0,0.339774
0,0,0,0.1682111
0,0,1,0.576633
0,0,1,0.576633
0,0,1,0.576633
0,0,0,0.3973136
0,0,0,0.25219008
0,0,0,0.22335033
0,0,0,0.22335033
0,0,0,0.25219008
0,0,0,0.4646837
0,0,1,0.5217431
0,0,1,0.7687212
0,0,1,0.7687212
0,0,1,0.8224758
0,0,1,0.77357054
0,0,1,0.74201006
0,0,1,0.8172587
0,0,1,0.824238
0,0,1,0.824238
0,0,1,0.824238
0,0,1,0.7279925
0,0,1,0.80127424
0,0,1,0.69390005
0,0,1,0.706446
0,0,1,0.72552615
0,0,1,0.77850825
0,0,1,0.71362156
0,0,1,0.60745955
0,0,0,0.42571005
0,0,0,0.4329206
0,0,0,0.26965493
0,0,0,0.37532708
0,0,1,0.5253152
0,0,1,0.5253152
0,0,0,0.4941632
0,0,1,0.5144115
0,0,1,0.6585442
0,0,0,0.33772472
0,0,0,0.33772472
0,0,0,0.20849475
0,0,0,0.40460244
0,0,0,0.46698737
0,0,0,0.27767253
0,0,0,0.24699022
0,0,0,0.3627663
0,0,0,0.3627663
0,0,0,0.2756766
0,0,0,0.28339595
0,0,0,0.28339595
0,0,0,0.25219008
0,0,0,0.37566423
0,0,0,0.37566423
0,0,0,0.37566423
0,0,0,0.37224475
0,0,0,0.37224475
0,0,0,0.25219008
0,0,0,0.25219008
0,0,0,0.09277278
0,0,0,0.09661464
0,0,0,0.112413354
0,0,0,0.23179457
0,0,0,0.23544966
0,0,0,0.23544966
0,0,0,0.18223384
0,0,0,0.21984929
0,0,0,0.21984929
0,0,0,0.13072649
0,0,0,0.21197253
0,0,0,0.26240322
0,0,0,0.48266447
0,0,0,0.48266447
0,0,0,0.43531275
0,0,0,0.43531275
0,0,0,0.43531275
0,0,0,0.43531275
0,0,0,0.43531275
0,0,0,0.43531275
0,0,0,0.44129702
0,0,0,0.44129702
0,0,0,0.44129702
0,0,0,0.44129702
0,0,1,0.68251514
0,0,1,0.6672287
0,0,1,0.6672287
0,0,0,0.27360222
0,0,0,0.22160493
0,0,0,0.20331994
0,0,0,0.30387917
0,0,0,0.3660194
0,0,0,0.35915148
0,0,0,0.3939108
0,0,0,0.46497566
0,0,0,0.46497566
0,0,0,0.46497566
0,0,0,0.46497566
0,0,0,0.46497566
0,0,0,0.44769108
0,0,1,0.60255355
0,0,1,0.60255355
0,0,1,0.60255355
0,0,0,0.14246671
0,0,0,0.33002326
0,0,0,0.304972
0,0,0,0.36721787
0,0,0,0.36721787
0,0,0,0.36721787
0,0,0,0.4947356
0,0,0,0.3649263
0,0,0,0.35226083
0,0,0,0.42419478
0,0,0,0.42419478
0,0,0,0.42419478
0,0,0,0.44129702
0,0,0,0.44129702
0,0,0,0.44129702
0,0,0,0.44129702
0,0,0,0.4024052
0,0,0,0.38575536
0,0,0,0.46025977
0,0,0,0.48751193
0,0,0,0.46025977
0,0,0,0.46025977
0,0,0,0.46025977
0,0,0,0.46025977
0,0,0,0.44129702
0,0,0,0.44129702
0,0,0,0.44129702
0,0,0,0.44129702
0,0,0,0.44129702
0,0,0,0.44808254
0,0,0,0.44129702
0,0,0,0.44129702
0,0,1,0.50567687
0,0,1,0.50567687
0,0,1,0.6363955
0,0,0,0.22806285
0,0,0,0.41555464
0,0,0,0.41555464
0,0,1,0.58382094
0,0,1,0.58382094
0,0,1,0.58382094
0,0,0,0.334668
0,0,0,0.44129702
0,0,0,0.44129702
0,0,0,0.44129702
0,0,0,0.44129702
0,0,0,0.44129702
0,0,0,0.44129702
0,0,0,0.47538358
0,0,0,0.47538358
0,0,0,0.40867037
0,0,0,0.40940744
0,0,0,0.40940744
0,0,0,0.40940744
0,0,0,0.40940744
0,0,0,0.40940744
0,0,0,0.44129702
0,0,0,0.44129702
0,0,0,0.44129702
0,0,0,0.44129702
0,0,0,0.44808254
0,0,0,0.44808254
0,0,0,0.44808254
0,0,0,0.44808254
0,0,0,0.44808254
0,0,0,0.44808254
0,0,0,0.40708947
0,0,0,0.4815588
0,0,0,0.36507997
0,0,1,0.5710071
0,0,1,0.5039086
0,0,0,0.19237359
0,0,0,0.08922095
0,0,0,0.16501857
0,0,0,0.17927246
0,0,0,0.15698914
0,0,0,0.14981538
0,0,0,0.2064818
0,0,0,0.20340988
0,0,0,0.17540936
0,0,0,0.14065038
0,0,0,0.16997895
0,0,0,0.1840298
0,0,0,0.16967928
0,0,0,0.34915668
0,0,0,0.34915668
0,0,0,0.4429852
0,0,0,0.16266295
0,0,0,0.11910415
0,0,0,0.12043671
0,0,0,0.11910415
0,0,0,0.11910415
0,0,0,0.18095592
0,0,0,0.13792402
0,0,0,0.2567099
0,0,0,0.23681365
0,0,0,0.31363866
0,0,0,0.29280812
0,0,0,0.29057467
0,0,0,0.29057467
0,0,0,0.2540693
0,0,0,0.2540693
0,0,0,0.30053705
0,0,0,0.40462947
0,0,0,0.3898157
0,0,0,0.35999006
0,0,0,0.41495824
0,0,0,0.41495824
0,0,0,0.41495824
0,0,0,0.41495824
0,0,0,0.19452709
0,0,0,0.3750608
0,0,0,0.3820516
0,0,0,0.3312967
0,0,0,0.29315874
0,0,0,0.2394769
0,0,0,0.4528902
0,0,0,0.33881393
0,0,0,0.32612154
0,0,0,0.21406084
0,0,0,0.21661021
0,0,0,0.23023531
0,0,0,0.16639635
0,0,0,0.24934962
0,0,0,0.2341066
0,0,0,0.2394769
0,0,0,0.45443213
0,0,0,0.45443213
0,0,0,0.33624488
0,0,0,0.17740898
0,0,0,0.17740898
0,0,0,0.21322323
0,0,0,0.21322323
0,0,0,0.21322323
0,0,0,0.232483
0,0,0,0.43902442
0,0,0,0.41198072
0,0,0,0.14930353
0,0,0,0.1528274
0,0,0,0.1528274
0,0,0,0.1528274
0,0,0,0.1531174
0,0,0,0.1531174
0,0,0,0.23341541
0,0,1,0.5287342
0,0,0,0.1650887
0,0,1,0.54162335
0,0,1,0.5833148
0,0,1,0.597764
0,0,1,0.597764
0,0,0,0.35971218
0,0,0,0.4092244
0,0,0,0.22836573
0,0,0,0.2589693
0,0,0,0.17311373
0,0,0,0.16093048
0,0,0,0.15725447
0,0,0,0.15725447
0,0,0,0.15725447
0,0,0,0.15569943
0,0,0,0.15569943
0,0,0,0.17483193
0,0,0,0.17483193
0,0,0,0.29773083
0,0,0,0.3599643
0,0,0,0.3888334
0,0,0,0.34418568
0,0,0,0.42900634
0,0,0,0.32577696
0,0,0,0.20796299
0,0,0,0.1614695
0,0,0,0.1614695
0,0,0,0.1614695
0,0,0,0.23023531
0,0,0,0.23023531
0,0,0,0.23023531
0,0,0,0.3136142
0,0,0,0.3163414
0,0,0,0.35849768
0,0,0,0.23776463
0,0,0,0.3163414
0,0,0,0.44540235
0,0,0,0.30976808
0,0,0,0.30976808
0,0,0,0.30976808
0,0,0,0.303508
0,0,0,0.303508
0,0,0,0.16093048
0,0,0,0.33658504
0,0,0,0.16093048
0,0,0,0.32364687
0,0,0,0.33018565
0,0,0,0.30065557
0,0,0,0.30065557
0,0,0,0.3417665
0,0,0,0.3417665
0,0,0,0.3543013
0,0,0,0.19452709
0,0,0,0.19452709
0,0,0,0.26032463
0,0,0,0.21374872
0,0,0,0.2187854
0,0,0,0.2187854
0,0,0,0.20916697
0,0,0,0.4312688
0,0,1,0.5424808
0,0,0,0.3383052
0,0,0,0.16133596
0,0,0,0.3315378
0,0,0,0.38429803
0,0,0,0.38429803
0,0,0,0.39495665
0,0,0,0.40932345
0,0,0,0.32466173
0,0,0,0.4050909
0,0,0,0.4050909
0,0,0,0.4050909
0,0,0,0.4050909
0,0,0,0.33919016
0,0,0,0.36935598
0,0,0,0.34534538
0,0,0,0.37513623
0,0,0,0.37513623
0,0,0,0.3350537
0,0,0,0.29511344
0,0,1,0.53627133
0,0,1,0.5358844
0,0,1,0.52824205
0,0,1,0.550005
0,0,1,0.541988
0,0,1,0.5246989
0,0,0,0.30065557
0,0,0,0.3517934
0,0,0,0.37324432
0,0,0,0.24524428
0,0,0,0.26060537
0,0,0,0.17174733
0,0,0,0.17174733
0,0,0,0.20027961
0,0,0,0.20927499
0,0,0,0.3543013
0,0,0,0.3543013
0,0,0,0.32069182
0,0,0,0.32719976
0,0,0,0.31615752
0,0,0,0.35662833
0,0,0,0.35662833
0,0,0,0.39591825
0,0,0,0.3991591
0,0,0,0.28113505
0,0,0,0.38429803
0,0,0,0.38429803
0,0,1,0.5723818
0,0,1,0.5723818
0,0,1,0.5723818
0,0,1,0.5723818
0,0,0,0.3002214
0,0,0,0.3002214
0,0,0,0.41490027
0,0,0,0.41490027
0,0,0,0.41490027
0,0,0,0.19885962
0,0,0,0.1836129
0,0,0,0.1836129
0,0,0,0.1836129
0,0,0,0.1618535
0,0,0,0.1618535
0,0,0,0.41490027
0,0,0,0.41198072
0,0,0,0.41198072
0,0,0,0.41490027
0,0,0,0.41490027
0,0,0,0.41490027
0,0,0,0.41490027
0,0,0,0.41490027
0,0,0,0.41490027
0,0,0,0.41490027
0,0,0,0.41490027
0,0,0,0.41490027
0,0,0,0.28189668
0,0,0,0.28189668
0,0,0,0.28189668
0,0,0,0.28189668
0,0,0,0.28189668
0,0,0,0.28189668
0,0,0,0.25547373
0,0,0,0.25547373
0,0,0,0.25547373
0,0,0,0.25547373
0,0,0,0.25547373
0,0,0,0.25547373
0,0,0,0.41490027
0,0,0,0.41490027
0,0,0,0.41490027
0,0,0,0.41490027
0,0,0,0.41490027
0,0,0,0.41490027
0,0,0,0.41490027
0,0,0,0.41490027
0,0,0,0.41490027
0,0,0,0.41490027
0,0,0,0.41490027
0,0,0,0.41490027
0,0,0,0.41490027
0,0,0,0.41490027
0,0,0,0.41490027
0,0,0,0.41490027
0,0,0,0.41490027
0,0,0,0.41490027
0,0,0,0.41490027
0,0,0,0.41490027
0,0,0,0.41490027
0,0,0,0.41490027
0,0,0,0.41490027
0,0,0,0.41490027
0,0,0,0.41490027
0,0,0,0.41490027
0,0,0,0.41490027
0,0,0,0.41490027
0,0,0,0.41490027
0,0,0,0.41490027
0,0,0,0.25547373
0,0,0,0.25547373
0,0,0,0.25547373
0,0,0,0.25547373
0,0,0,0.25547373
0,0,0,0.25547373
0,0,0,0.41490027
0,0,0,0.41490027
0,0,0,0.41490027
0,0,0,0.41490027
0,0,0,0.41490027
0,0,0,0.41490027
0,0,0,0.41490027
0,0,0,0.41490027
0,0,0,0.41490027
0,0,0,0.41490027
0,0,0,0.41490027
0,0,0,0.41490027
0,0,0,0.41490027
0,0,0,0.41490027
0,0,0,0.41490027
0,0,0,0.41490027
0,0,0,0.41490027
0,0,0,0.41490027
0,0,0,0.41490027
0,0,0,0.41490027
0,0,0,0.41490027
0,0,0,0.41490027
0,0,0,0.41490027
0,0,0,0.41490027
0,0,0,0.41490027
0,0,0,0.41490027
0,0,0,0.41490027
0,0,0,0.41490027
0,0,0,0.41490027
0,0,0,0.41490027
0,0,0,0.25547373
0,0,0,0.25547373
0,0,0,0.25547373
0,0,0,0.25547373
0,0,0,0.25547373
0,0,0,0.25547373
0,0,0,0.41490027
0,0,0,0.41490027
0,0,0,0.41490027
0,0,0,0.41490027
0,0,0,0.41490027
0,0,0,0.41490027
0,0,0,0.41490027
0,0,0,0.41490027
0,0,0,0.41490027
0,0,0,0.41490027
0,0,0,0.41490027
0,0,0,0.41490027
0,0,0,0.41490027
0,0,0,0.41490027
0,0,0,0.41490027
0,0,0,0.41490027
0,0,0,0.41490027
0,0,0,0.41490027
0,0,0,0.13808082
0,0,0,0.13808082
0,0,0,0.13808082
0,0,0,0.13808082
0,0,0,0.13808082
0,0,0,0.13808082
0,0,0,0.41490027
0,0,0,0.41490027
0,0,0,0.41490027
0,0,0,0.41490027
0,0,0,0.41490027
0,0,0,0.41490027
0,0,0,0.2746798
0,0,0,0.2746798
0,0,0,0.2772052
0,0,0,0.25319058
0,0,0,0.17483193
0,0,0,0.31091687
0,0,0,0.37830442
0,0,0,0.22563206
0,0,0,0.43527257
0,0,0,0.43527257
0,0,0,0.43527257
0,0,0,0.43527257
0,0,0,0.45165977
0,0,0,0.2566404
0,0,0,0.49179804
0,0,0,0.49179804
0,0,0,0.3708882
0,0,0,0.35809207
0,0,0,0.31595996
0,0,0,0.31595996
0,0,0,0.31595996
0,0,0,0.31595996
0,0,0,0.37843725
0,0,0,0.43902442
0,0,0,0.23742218
0,0,0,0.26809025
0,0,0,0.16498376
0,0,0,0.16498376
0,0,1,0.5818534
0,0,0,0.4036368
0,0,0,0.4036368
0,0,0,0.24611317
0,0,0,0.24611317
0,0,0,0.23555544
0,0,0,0.23555544
0,0,0,0.2515645
0,0,0,0.28926352
0,0,0,0.4496269
0,0,0,0.4530148
0,0,0,0.44566196
0,0,0,0.4530148
0,0,0,0.4320578
0,0,0,0.33964676
0,0,0,0.16712037
0,0,0,0.16522473
0,0,0,0.16522473
0,0,0,0.15206736
0,0,0,0.119489715
0,0,0,0.13305418
0,0,0,0.122411154
0,0,0,0.122411154
0,0,0,0.122411154
0,0,0,0.122411154
0,0,0,0.21582486
0,0,0,0.2958415
0,0,0,0.40322006
0,0,0,0.3523654
0,0,0,0.3523654
0,0,0,0.39329398
0,0,0,0.39329398
0,0,0,0.39329398
0,0,0,0.32241747
0,0,0,0.32241747
0,0,0,0.31635013
0,0,0,0.31043744
0,0,0,0.31043744
0,0,0,0.3831496
0,0,0,0.37072748
0,0,1,0.59208363
0,0,1,0.59208363
0,0,1,0.59208363
0,0,1,0.5833148
0,0,0,0.40282947
0,0,0,0.18889806
0,0,0,0.18889806
0,0,0,0.25048438
0,0,0,0.39441523
0,0,0,0.3338275
0,0,0,0.339966
0,0,0,0.339966
0,0,0,0.339966
0,0,0,0.339966
0,0,1,0.50278187
0,0,1,0.50278187
0,0,1,0.52740985
0,0,1,0.52740985
0,0,0,0.38437825
0,0,0,0.35681936
0,0,0,0.35681936
0,0,0,0.35681936
0,0,0,0.16212879
0,0,0,0.32302484
0,0,0,0.3551152
0,0,0,0.31015545
0,0,0,0.36362353
0,0,0,0.33159083
0,0,0,0.33159083
0,0,0,0.33159083
0,0,0,0.33159083
0,0,0,0.41363844
0,0,0,0.34318978
0,0,0,0.3378424
0,0,0,0.39195043
0,0,0,0.36661184
0,0,0,0.36661184
0,0,0,0.33111137
0,0,0,0.33111137
0,0,0,0.42869917
0,0,0,0.42869917
0,0,1,0.5003819
0,0,0,0.45238477
0,0,0,0.45920068
0,0,0,0.45920068
0,0,0,0.45920068
0,0,0,0.45920068
0,0,0,0.49428862
0,0,0,0.49428862
0,0,0,0.48686218
0,0,0,0.49344394
0,0,1,0.5041793
0,0,1,0.5041793
0,0,0,0.4800002
0,0,0,0.43874133
0,0,0,0.42384353
0,0,0,0.25338706
0,0,1,0.6476488
0,0,1,0.65297544
0,0,1,0.6462114
0,0,1,0.6462114
0,0,1,0.6318284
0,0,1,0.55183554
0,0,0,0.42869917
0,0,0,0.42869917
0,0,0,0.33557674
0,0,0,0.32021037
0,0,0,0.23267801
0,0,0,0.38274485
0,0,0,0.38274485
0,0,0,0.49088287
0,0,1,0.50961155
0,0,1,0.5021835
0,0,1,0.5617963
0,0,0,0.45775172
0,0,0,0.43339357
0,0,0,0.3465372
0,0,0,0.37028185
0,0,0,0.37028185
0,0,0,0.37028185
0,0,1,0.52447253
0,0,1,0.6204161
0,0,1,0.6502683
0,0,1,0.6502683
0,0,1,0.6502683
0,0,1,0.6502683
0,0,1,0.6595695
0,0,1,0.5264682
0,0,0,0.4307936
0,0,0,0.43874133
0,0,0,0.43874133
0,0,0,0.43874133
0,0,1,0.51490855
0,0,0,0.4762447
0,0,0,0.4762447
0,0,0,0.4762447
0,0,0,0.4762447
0,0,0,0.4762447
0,0,0,0.49428862
0,0,0,0.47515818
0,0,0,0.49428862
0,0,0,0.47529927
0,0,0,0.47529927
0,0,0,0.47529927
0,0,1,0.5159232
0,0,0,0.4831355
0,0,1,0.56699306
0,0,1,0.5550205
0,0,1,0.5550205
0,0,1,0.5550205
0,0,0,0.3179415
0,0,0,0.3586477
0,0,0,0.3586477
0,0,0,0.3586477
0,0,0,0.43051857
0,0,0,0.42324844
0,0,0,0.42997
0,0,0,0.3756225
0,0,0,0.3756225
0,0,0,0.3756225
0,0,0,0.3386355
0,0,1,0.52862966
0,0,1,0.56772023
0,0,1,0.6433505
0,0,1,0.6433505
0,0,1,0.6780696
0,0,1,0.568519
0,0,1,0.642014
0,0,1,0.59606874
0,0,1,0.51587284
0,0,1,0.51587284
0,0,1,0.51587284
0,0,0,0.32062003
0,0,0,0.2845668
0,0,0,0.4013492
0,0,0,0.4597865
0,0,0,0.4597865
0,0,0,0.4524147
0,0,1,0.5348488
0,0,1,0.5006973
0,0,1,0.64963037
0,0,1,0.64963037
0,0,1,0.64963037
0,0,1,0.64963037
0,0,1,0.6502683
0,0,0,0.4268361
0,0,0,0.44716987
0,0,0,0.44716987
0,0,0,0.44716987
0,0,0,0.46051058
0,0,0,0.46051058
0,0,0,0.3849929
0,0,0,0.3849929
0,0,0,0.3849929
0,0,0,0.37798125
0,0,0,0.35678253
0,0,0,0.3636308
0,0,0,0.41853014
0,0,1,0.51829624
0,0,1,0.51829624
0,0,0,0.49152637
0,0,1,0.64350516
0,0,1,0.6291451
0,0,1,0.5578331
0,0,0,0.4459295
0,0,0,0.4459295
0,0,0,0.4459295
0,0,0,0.4459295
0,0,0,0.4453766
0,0,0,0.4453766
0,0,0,0.3805355
0,0,0,0.3821093
0,0,0,0.3821093
0,0,0,0.4103183
0,0,0,0.3210172
0,0,0,0.3210172
0,0,0,0.40037236
0,0,0,0.36801398
0,0,0,0.3886136
0,0,0,0.43582132
0,0,1,0.6447933
0,0,1,0.60635704
0,0,0,0.45178956
0,0,1,0.52689314
0,0,1,0.52689314
0,0,1,0.50404036
0,0,0,0.383641
0,0,0,0.30645677
0,0,0,0.27816755
0,0,0,0.28330737
0,0,0,0.3037523
0,0,0,0.36341658
0,0,0,0.43950152
0,0,0,0.4348655
0,0,0,0.46874222
0,0,0,0.43714198
0,0,0,0.45436913
0,0,0,0.47632125
0,0,0,0.397225
0,0,1,0.50104815
0,0,1,0.594821
0,0,0,0.48831478
0,0,1,0.5194768
0,0,1,0.56234723
0,0,1,0.53794485
0,0,0,0.4403872
0,0,0,0.44716987
0,0,0,0.44716987
0,0,0,0.44716987
0,0,0,0.40644985
0,0,0,0.40644985
0,0,1,0.5617963
0,0,1,0.5550205
0,0,1,0.594821
0,0,1,0.6157468
0,0,1,0.6348866
0,0,1,0.52227646
0,0,1,0.6117364
0,0,0,0.4694123
0,0,0,0.4694123
0,0,1,0.53970265
0,0,1,0.5436529
0,0,1,0.51771724
0,0,0,0.47492275
0,0,0,0.46262527
0,0,0,0.44755417
0,0,1,0.59963125
0,0,1,0.6308868
0,0,1,0.6308868
0,0,1,0.6308868
0,0,1,0.6308868
0,0,1,0.6880964
0,0,1,0.6305191
0,0,0,0.37543058
0,0,1,0.56206703
0,0,1,0.55609185
0,0,1,0.63582635
0,0,1,0.54021394
0,0,1,0.54021394
0,0,0,0.45238477
0,0,0,0.42942443
0,0,0,0.4465887
0,0,0,0.21333192
0,0,1,0.5938453
0,0,1,0.6052358
0,0,1,0.6052358
0,0,0,0.298302
0,0,0,0.4634029
0,0,0,0.47521886
0,0,0,0.46850833
0,0,0,0.46813488
0,0,0,0.46813488
0,0,0,0.48686218
0,0,0,0.46775335
0,0,0,0.47515818
0,0,0,0.49428862
0,0,1,0.57436436
0,0,1,0.65286565
0,0,1,0.65286565
0,0,1,0.6595695
0,0,1,0.6880964
0,0,0,0.45628342
0,0,1,0.5933941
0,0,1,0.5520009
0,0,0,0.37850758
0,0,0,0.37850758
0,0,0,0.3849929
0,0,0,0.3849929
0,0,0,0.3849929
0,0,0,0.3778482
0,0,0,0.3778482
0,0,0,0.38718283
0,0,0,0.38718283
0,0,0,0.38718283
0,0,0,0.42728427
0,0,0,0.45236975
0,0,0,0.45236975
0,0,0,0.46062118
0,0,0,0.49812752
0,0,0,0.4015112
0,0,1,0.6709643
0,0,1,0.68135256
0,0,1,0.6676635
0,0,1,0.5904092
0,0,1,0.5832041
0,0,1,0.5568007
0,0,0,0.43018085
0,0,0,0.43018085
0,0,0,0.43747976
0,0,1,0.64469224
0,0,1,0.64469224
0,0,1,0.6861487
0,0,1,0.7850361
0,0,1,0.79537225
0,0,1,0.697176
0,0,1,0.5725055
0,0,1,0.5725055
0,0,1,0.56773907
0,0,0,0.48840648
0,0,0,0.48840648
0,0,0,0.39322695
0,0,0,0.35584494
0,0,0,0.35584494
0,0,1,0.53580457
0,0,1,0.57762843
0,0,1,0.57762843
0,0,1,0.71913236
0,0,1,0.73298866
0,0,1,0.73298866
0,0,1,0.53033864
0,0,1,0.53033864
0,0,1,0.6050599
0,0,1,0.6440126
0,0,1,0.6386263
0,0,1,0.62981385
0,0,1,0.53053164
0,0,1,0.5949632
0,0,1,0.5949632
0,0,1,0.6263561
0,0,1,0.6263561
0,0,0,0.48466069
0,0,0,0.41121683
0,0,0,0.3586477
0,0,0,0.39069167
0,0,0,0.39069167
0,0,0,0.383641
0,0,0,0.39725235
0,0,0,0.39725235
0,0,1,0.57436436
0,0,1,0.5816127
0,0,1,0.5524132
0,0,1,0.5597488
0,0,0,0.40855458
0,0,0,0.40855458
0,0,0,0.47130275
0,0,0,0.41988018
0,0,0,0.45905054
0,0,1,0.52447253
0,0,1,0.5630171
0,0,1,0.58443785
0,0,1,0.5179797
0,0,1,0.53536236
0,0,0,0.44755417
0,0,0,0.43613136
0,0,1,0.5553079
0,0,1,0.56277287
0,0,1,0.74382865
0,0,1,0.76398325
0,0,1,0.76398325
0,0,1,0.7857236
0,0,1,0.6096689
0,0,1,0.6096689
0,0,0,0.46319878
0,0,0,0.45266828
0,0,0,0.45948485
0,0,0,0.45948485
0,0,1,0.6117818
0,0,0,0.47367766
0,0,1,0.5934402
0,0,1,0.5154328
0,0,1,0.6462114
0,0,1,0.6591756
0,0,1,0.6450302
0,0,1,0.6441033
0,0,0,0.4617344
0,0,0,0.4617344
0,0,0,0.4427608
0,0,0,0.41788572
0,0,0,0.41067505
0,0,0,0.44258934
0,0,0,0.48210147
0,0,0,0.44963625
0,0,0,0.44963625
0,0,0,0.4748595
0,0,0,0.4824162
0,0,1,0.5813213
0,0,0,0.44755417
0,0,1,0.5282725
0,0,0,0.47190967
0,0,0,0.3966565
0,0,1,0.61293936
0,0,1,0.61293936
0,0,1,0.5829727
0,0,1,0.5896376
0,0,1,0.5824285
0,0,1,0.5824285
0,0,0,0.32543376
0,0,0,0.30416703
0,0,0,0.25022477
0,0,0,0.27009776
0,0,0,0.2845668
0,0,0,0.44089696
0,0,0,0.46429485
0,0,0,0.44201106
0,0,0,0.39850348
0,0,0,0.35774603
0,0,0,0.33787844
0,0,1,0.5222059
0,0,0,0.35541034
0,0,0,0.43952325
0,0,0,0.4398357
0,0,0,0.4616212
0,0,0,0.4616212
0,0,0,0.406987
0,0,1,0.50218207
0,0,0,0.48029166
0,0,0,0.49158713
0,0,0,0.4868371
0,0,0,0.4868371
0,0,1,0.56937844
0,0,0,0.40013388
0,0,0,0.47515818
0,0,0,0.47515818
0,0,0,0.47515818
0,0,0,0.4427608
0,0,0,0.4427608
0,0,0,0.4427608
0,0,0,0.42057374
0,0,0,0.4885398
0,0,0,0.48167628
0,0,1,0.5867938
0,0,1,0.5867938
0,0,1,0.6527272
0,0,1,0.64350516
0,0,1,0.66817546
0,0,1,0.7096434
0,0,1,0.7096434
0,0,1,0.7187912
0,0,1,0.73071134
0,0,1,0.73156655
0,0,0,0.47711384
0,0,1,0.7070629
0,0,1,0.7070629
0,0,1,0.62532264
0,0,1,0.62532264
0,0,1,0.56909806
0,0,1,0.56909806
0,0,1,0.59937656
0,0,1,0.59937656
0,0,0,0.46532995
0,0,0,0.42563048
0,0,0,0.4617344
0,0,0,0.48780733
0,0,1,0.6733794
0,0,1,0.6926983
0,0,1,0.76978576
0,0,1,0.79209787
0,0,1,0.79209787
0,0,1,0.8025885
0,0,1,0.6832082
0,0,1,0.6832082
0,0,0,0.48806164
0,0,0,0.48806164
0,0,0,0.48806164
0,0,0,0.48806164
0,0,1,0.50299966
0,0,0,0.4704054
0,0,1,0.6377717
0,0,1,0.6377717
0,0,1,0.5392004
0,0,1,0.66769993
0,0,1,0.6441033
0,0,1,0.59937656
0,0,1,0.5364546
0,0,1,0.56234723
0,0,1,0.56234723
0,1,0,0.28136256
0,1,0,0.28136256
0,1,0,0.4732527
0,1,0,0.19872417
0,1,0,0.19872417
0,1,0,0.1670166
0,1,0,0.25018623
0,1,0,0.29809794
0,1,0,0.34736276
0,1,0,0.41003233
0,1,0,0.21670829
0,1,0,0.21670829
0,1,0,0.20313591
0,1,0,0.1670166
0,1,0,0.25018623
0,1,0,0.29989976
0,1,0,0.34952363
0,1,1,0.6637678
0,1,0,0.4870691
0,1,1,0.5543083
0,1,1,0.5543083
0,1,0,0.48463795
0,1,0,0.3610595
0,1,0,0.3610595
0,1,0,0.48463795
0,1,0,0.48463795
0,1,0,0.35691452
0,1,0,0.35691452
0,1,0,0.35063255
0,1,0,0.2821867
0,1,0,0.25219008
0,1,0,0.14839602
0,1,0,0.14839602
0,1,0,0.14839602
0,1,0,0.15803288
0,1,0,0.15803288
0,1,0,0.15803288
0,1,0,0.14867707
0,1,0,0.13592026
0,1,0,0.13592026
0,1,0,0.13592026
0,1,0,0.2012858
0,1,0,0.2012858
0,1,0,0.2012858
0,1,0,0.13592026
0,1,0,0.13592026
0,1,0,0.13592026
0,1,0,0.13272516
0,1,0,0.13272516
0,1,0,0.13272516
0,1,0,0.20643468
0,1,0,0.20932356
0,1,0,0.22715858
0,1,0,0.1653755
0,1,0,0.1653755
0,1,0,0.22715858
0,1,0,0.15803288
0,1,0,0.15803288
0,1,0,0.17477979
0,1,0,0.40894744
0,1,0,0.40894744
0,1,0,0.24695864
0,1,0,0.24695864
0,1,0,0.24695864
0,1,0,0.20746142
0,1,0,0.26680455
0,1,0,0.26680455
0,1,0,0.26680455
0,1,0,0.26680455
0,1,0,0.26680455
0,1,0,0.26680455
0,1,0,0.2012858
0,1,0,0.21862528
0,1,0,0.19671816
0,1,0,0.19671816
0,1,0,0.23668194
0,1,0,0.19671816
0,1,0,0.19671816
0,1,0,0.19671816
0,1,0,0.19671816
0,1,0,0.21697254
0,1,0,0.21697254
0,1,0,0.23659751
0,1,0,0.23659751
0,1,0,0.22597383
0,1,0,0.2182307
0,1,0,0.19669425
0,1,0,0.24498126
0,1,1,0.5026524
0,1,1,0.5720379
0,1,1,0.5720379
0,1,1,0.5720379
0,1,1,0.5720379
0,1,1,0.5579818
0,1,0,0.40940744
0,1,0,0.33021358
0,1,0,0.33681896
0,1,0,0.33681896
0,1,0,0.33681896
0,1,0,0.2774665
0,1,0,0.298447
0,1,0,0.20808192
0,1,0,0.20808192
0,1,0,0.20808192
0,1,0,0.20808192
0,1,0,0.20313591
0,1,0,0.19171795
0,1,0,0.19171795
0,1,0,0.2713908
0,1,0,0.38265923
0,1,0,0.39330134
0,1,0,0.40764853
0,1,0,0.40764853
0,1,0,0.38265923
0,1,0,0.38739738
0,1,0,0.27536577
0,1,0,0.27536577
0,1,0,0.24817947
0,1,0,0.3756415
0,1,0,0.27204284
0,1,0,0.27204284
0,1,0,0.27204284
0,1,0,0.25473103
0,1,0,0.22584131
0,1,0,0.20844834
0,1,0,0.2381484
0,1,0,0.25947756
0,1,0,0.25947756
0,1,0,0.25947756
0,1,0,0.27932414
0,1,0,0.27932414
0,1,0,0.30819437
0,1,0,0.2967161
0,1,0,0.2967161
0,1,0,0.2967161
0,1,0,0.22059077
0,1,0,0.22059077
0,1,0,0.22059077
0,1,0,0.22059077
0,1,0,0.22059077
0,1,0,0.22059077
0,1,0,0.2967161
0,1,0,0.28439865
0,1,0,0.27536577
0,1,0,0.27536577
0,1,0,0.27536577
0,1,0,0.27536577
0,1,0,0.26991668
0,1,0,0.26991668
0,1,0,0.24817947
0,1,0,0.19033748
0,1,0,0.19033748
0,1,0,0.19033748
0,1,0,0.28119978
0,1,0,0.28119978
0,1,0,0.28119978
0,1,0,0.28300893
0,1,0,0.3594052
0,1,0,0.3594052
0,1,0,0.29786026
0,1,0,0.29786026
0,1,0,0.3366496
0,1,0,0.3366496
0,1,0,0.42081118
0,1,0,0.42081118
0,1,0,0.42081118
0,1,0,0.42081118
0,1,0,0.3778482
0,1,0,0.3778482
0,1,0,0.20313591
0,1,0,0.20808192
0,1,0,0.30423206
0,1,0,0.30423206
0,1,0,0.30423206
0,1,0,0.37696272
0,1,1,0.61771566
0,1,0,0.27553123
0,1,0,0.15204701
0,1,0,0.15562378
0,1,0,0.15562378
0,1,0,0.15562378
0,1,0,0.16986632
0,1,0,0.16986632
0,1,0,0.28439865
0,1,0,0.25612867
0,1,0,0.17689788
0,1,0,0.17689788
0,1,0,0.19518048
0,1,0,0.19090012
0,1,0,0.19090012
0,1,0,0.14167283
0,1,0,0.19919947
0,1,0,0.30808055
0,1,0,0.30808055
0,1,0,0.22495158
0,1,0,0.27125096
0,1,0,0.3298808
0,1,0,0.3298808
0,1,0,0.39334488
0,1,0,0.39334488
0,1,0,0.36412326
0,1,1,0.5161962
0,1,1,0.5384726
0,1,0,0.37049693
0,1,0,0.2967161
0,1,0,0.2967161
0,1,0,0.22424896
0,1,0,0.22424896
0,1,0,0.22424896
0,1,0,0.20658135
0,1,0,0.20658135
0,1,0,0.20658135
0,1,0,0.20313591
0,1,0,0.20313591
0,1,0,0.20313591
0,1,0,0.20313591
0,1,0,0.27536577
0,1,0,0.27536577
0,1,0,0.380369
0,1,0,0.380369
0,1,0,0.27701804
0,1,0,0.27701804
0,1,0,0.27701804
0,1,0,0.2774665
0,1,0,0.18749583
0,1,0,0.18749583
0,1,0,0.3130348
0,1,0,0.20808192
0,1,0,0.20808192
0,1,0,0.19872417
0,1,0,0.20808192
0,1,0,0.20808192
0,1,0,0.20808192
0,1,0,0.30423206
0,1,0,0.31380183
0,1,0,0.32681113
0,1,0,0.38739738
0,1,0,0.3549141
0,1,0,0.42117634
0,1,0,0.37119687
0,1,0,0.37119687
0,1,0,0.3959178
0,1,0,0.49195442
0,1,0,0.45544243
0,1,0,0.45544243
0,1,0,0.46657896
0,1,0,0.38382015
0,1,0,0.3594052
0,1,0,0.3594052
0,1,0,0.30731812
0,1,0,0.3594052
0,1,0,0.44019955
0,1,0,0.4814779
0,1,0,0.41248944
0,1,0,0.32018405
0,1,0,0.32018405
0,1,0,0.22059077
0,1,0,0.20313591
0,1,0,0.2238259
0,1,0,0.24815886
0,1,0,0.3152577
0,1,0,0.29786026
0,1,0,0.29786026
0,1,0,0.29786026
0,1,0,0.32018405
0,1,0,0.32018405
0,1,0,0.19875954
0,1,0,0.19171795
0,1,0,0.29099882
0,1,0,0.29099882
0,1,0,0.28536215
0,1,0,0.29172114
0,1,0,0.36085013
0,1,0,0.29786026
0,1,0,0.29786026
0,1,0,0.36978805
0,1,0,0.38382015
0,1,0,0.38382015
0,1,0,0.36692256
0,1,0,0.3922114
0,1,0,0.3780607
0,1,0,0.344607
0,1,0,0.344607
0,1,0,0.25916904
0,1,0,0.25916904
0,1,0,0.27010337
0,1,0,0.26576307
0,1,0,0.2594252
0,1,0,0.41453007
0,1,0,0.36102262
0,1,0,0.36102262
0,1,0,0.4276692
0,1,0,0.4276692
0,1,0,0.45461702
0,1,0,0.40513372
0,1,1,0.7111959
0,1,1,0.7111959
0,1,1,0.60459584
0,1,0,0.24641612
0,1,0,0.13031703
0,1,0,0.13031703
0,1,0,0.14008844
0,1,0,0.16822411
0,1,0,0.23206635
0,1,0,0.22450155
0,1,0,0.22450155
0,1,0,0.32512406
0,1,0,0.32512406
0,1,0,0.28824568
0,1,1,0.6253464
0,1,1,0.5544524
0,1,0,0.41245496
0,1,0,0.26449808
0,1,0,0.17969443
0,1,0,0.17969443
0,1,0,0.091382004
0,1,0,0.21759962
0,1,0,0.11330616
0,1,0,0.4649561
0,1,0,0.4717982
0,1,1,0.5415624
0,1,1,0.5415624
0,1,1,0.5415624
0,1,1,0.5415624
0,1,1,0.5720379
0,1,0,0.2407094
0,1,0,0.19335508
0,1,0,0.19335508
0,1,0,0.25412777
0,1,0,0.20484585
0,1,0,0.16958632
0,1,0,0.29786026
0,1,0,0.25018623
0,1,0,0.24506688
0,1,0,0.20441116
0,1,0,0.24641612
0,1,0,0.3316918
0,1,0,0.35062817
0,1,0,0.42330047
0,1,0,0.41974354
0,1,0,0.340974
0,1,0,0.340974
0,1,0,0.3962458
0,1,0,0.34298417
0,1,0,0.29219145
0,1,0,0.20844834
0,1,0,0.47513
0,1,0,0.49005112
0,1,0,0.49005112
0,1,0,0.47513
0,1,0,0.43170497
0,1,0,0.43170497
0,1,0,0.2500994
0,1,0,0.24498126
0,1,0,0.46157008
0,1,0,0.43356425
0,1,0,0.13168232
0,1,0,0.20359018
0,1,0,0.20808192
0,1,0,0.20808192
0,1,0,0.20808192
0,1,0,0.22584131
0,1,0,0.22584131
0,1,0,0.281009
0,1,0,0.25951853
0,1,0,0.43270844
0,1,0,0.43270844
0,1,0,0.40272838
0,1,0,0.40272838
0,1,0,0.3778482
0,1,0,0.3778482
0,1,0,0.19303603
0,1,0,0.17813656
0,1,0,0.19041453
0,1,0,0.17743531
0,1,0,0.14843789
0,1,0,0.1669998
0,1,0,0.17692742
0,1,0,0.24267629
0,1,0,0.3739142
0,1,0,0.41364166
0,1,0,0.32018405
0,1,0,0.38382015
0,1,0,0.38382015
0,1,0,0.38382015
0,1,0,0.38382015
0,1,0,0.38382015
0,1,0,0.3594052
0,1,0,0.29786026
0,1,0,0.29786026
0,1,0,0.20313591
0,1,0,0.20313591
0,1,0,0.4484981
0,1,0,0.4639669
0,1,0,0.3684853
0,1,0,0.29091096
0,1,0,0.28034514
0,1,0,0.27791536
0,1,0,0.2785931
0,1,0,0.24498126
0,1,0,0.35063255
0,1,0,0.35063255
0,1,0,0.29786026
0,1,0,0.29786026
0,1,0,0.32464823
0,1,0,0.31224075
0,1,0,0.21433917
0,1,0,0.27375618
0,1,0,0.25634837
0,1,0,0.25634837
0,1,0,0.27375618
0,1,0,0.27375618
0,1,0,0.47513
0,1,0,0.20844834
0,1,0,0.19875954
0,1,0,0.19875954
0,1,0,0.19875954
0,1,0,0.19875954
0,1,0,0.19171795
0,1,0,0.20313591
0,1,0,0.20313591
0,1,0,0.20313591
0,1,0,0.20313591
0,1,0,0.20313591
0,1,0,0.19171795
0,1,0,0.27536577
0,1,0,0.27536577
0,1,0,0.27536577
0,1,0,0.26991668
0,1,0,0.26991668
0,1,1,0.5015523
0,1,0,0.20359018
0,1,0,0.20808192
0,1,0,0.30423206
0,1,0,0.29786026
0,1,0,0.29786026
0,1,0,0.31229448
0,1,0,0.28603837
0,1,0,0.28603837
0,1,0,0.28603837
0,1,0,0.2921455
0,1,0,0.34634548
0,1,0,0.35259235
0,1,0,0.3594052
0,1,0,0.45544243
0,1,0,0.45544243
0,1,1,0.5432763
0,1,0,0.27536577
0,1,0,0.27536577
0,1,0,0.27536577
0,1,0,0.38739738
0,1,0,0.38739738
0,1,0,0.28300893
0,1,0,0.34298417
0,1,0,0.34298417
0,1,0,0.34298417
0,1,0,0.28300893
0,1,0,0.24951825
0,1,0,0.3323008
0,1,0,0.19794154
0,1,0,0.19794154
0,1,0,0.23794222
0,1,0,0.25628403
0,1,0,0.26980016
0,1,0,0.25628403
0,1,0,0.26529774
0,1,0,0.37535495
0,1,0,0.38181943
0,1,0,0.38181943
0,1,0,0.38181943
0,1,0,0.4496038
0,1,1,0.5720379
0,1,1,0.5026524
0,1,1,0.5829733
0,1,1,0.5974263
0,1,1,0.5974263
0,1,1,0.52876604
0,1,0,0.41248944
0,1,0,0.32018405
0,1,0,0.22059077
0,1,0,0.2104877
0,1,0,0.20313591
0,1,0,0.20313591
0,1,0,0.20313591
0,1,1,0.5333301
0,1,0,0.49569649
0,1,1,0.50046
0,1,1,0.6141731
0,1,1,0.73298866
0,1,1,0.73298866
0,1,1,0.73298866
0,1,1,0.73298866
0,1,1,0.54071933
0,1,1,0.54822993
0,1,1,0.6386263
0,1,1,0.7897413
0,1,1,0.7999088
0,1,1,0.7779276
0,1,1,0.82703185
0,1,1,0.78392917
0,1,1,0.78392917
0,1,1,0.7731799
0,1,1,0.7562997
0,1,1,0.7676085
0,1,0,0.45161843
0,1,0,0.48689938
0,1,0,0.25883687
0,1,0,0.43135363
0,1,1,0.53916967
0,1,1,0.5990817
0,1,1,0.6196687
0,1,1,0.6196687
0,1,1,0.6034362
0,1,1,0.59616727
0,1,1,0.6176055
0,1,1,0.59616727
0,1,1,0.6185449
0,1,1,0.6185449
0,1,1,0.66544145
0,1,1,0.6484835
0,1,1,0.6484835
0,1,1,0.6254051
0,1,1,0.60317177
0,1,1,0.70605767
0,1,0,0.40324673
0,1,1,0.54113275
0,1,1,0.53374535
0,1,1,0.5222021
0,1,0,0.48988852
0,1,1,0.72947055
0,1,1,0.72947055
0,1,1,0.70417154
0,1,1,0.7098634
0,1,1,0.68226606
0,1,1,0.78134245
0,1,1,0.64423263
0,1,1,0.64423263
0,1,1,0.75421077
0,1,1,0.66544145
0,1,1,0.66544145
0,1,1,0.5920852
0,1,1,0.5847514
0,1,1,0.5847514
0,1,1,0.5847514
0,1,1,0.5745684
0,1,1,0.5745684
0,1,0,0.45666304
0,1,0,0.42066023
0,1,0,0.42066023
0,1,0,0.42805746
0,1,0,0.38870504
0,1,0,0.32305428
0,1,1,0.5593241
0,1,1,0.5154819
0,1,1,0.588095
0,1,1,0.588095
0,1,1,0.6109917
0,1,1,0.5646609
0,1,0,0.49731636
0,1,0,0.4897471
0,1,0,0.3002566
0,1,1,0.58025384
0,1,0,0.46637237
0,1,0,0.46637237
0,1,0,0.46637237
0,1,0,0.46637237
0,1,0,0.44139668
0,1,1,0.67309344
0,1,1,0.67309344
0,1,1,0.657581
0,1,1,0.657581
0,1,1,0.657581
0,1,1,0.7501708
0,1,1,0.63589185
0,1,0,0.4684862
0,1,0,0.18559244
0,1,1,0.50285023
0,1,0,0.4412259
0,1,0,0.47820428
0,1,0,0.47820428
0,1,0,0.47079456
0,1,0,0.46248272
0,1,1,0.6383732
0,1,1,0.6938444
0,1,1,0.6701404
0,1,1,0.6701404
0,1,1,0.72548
0,1,1,0.5835218
0,1,1,0.5647948
0,1,1,0.5512086
0,1,1,0.5512086
0,1,1,0.5512086
0,1,1,0.5857934
0,1,0,0.48134273
0,1,1,0.5899557
0,1,1,0.6481399
0,1,1,0.62752616
0,1,1,0.6998074
0,1,0,0.42587405
0,1,0,0.42587405
0,1,0,0.4664603
0,1,0,0.31864938
0,1,0,0.38581884
0,1,0,0.30905157
0,1,0,0.39498794
0,1,0,0.19812663
0,1,0,0.08771877
0,1,0,0.07523666
0,1,0,0.12544528
0,1,0,0.15945561
0,1,0,0.15945561
0,1,0,0.15945561
0,1,0,0.3595335
0,1,1,0.51152724
0,1,0,0.49678817
0,1,0,0.25975963
0,1,0,0.2754464
0,1,1,0.5297207
0,1,1,0.62556934
0,1,1,0.7094351
0,1,1,0.7094351
0,1,1,0.7001204
0,1,0,0.45843816
0,1,0,0.42175886
0,1,0,0.49173766
0,1,1,0.50098854
0,1,0,0.47367933
0,1,0,0.27890772
0,1,0,0.374101
0,1,0,0.32881698
0,1,1,0.65781593
0,1,1,0.6684141
0,1,1,0.6483437
0,1,1,0.63212514
0,1,1,0.63212514
0,1,1,0.6833111
0,1,0,0.49504226
0,1,1,0.62064177
0,1,1,0.6701404
0,1,1,0.6701404
0,1,1,0.6701404
0,1,1,0.6629308
0,1,1,0.6629308
0,1,1,0.58106446
0,1,1,0.5256647
0,1,0,0.44294629
0,1,0,0.4573517
0,1,1,0.6165645
0,1,1,0.5952561
0,1,1,0.5952561
0,1,1,0.62551427
0,1,1,0.5794347
0,1,1,0.7098867
0,1,1,0.6324149
0,1,1,0.6324149
0,1,1,0.6324149
0,1,1,0.66049045
0,1,1,0.6331663
0,1,0,0.48731515
0,1,0,0.2959669
0,1,0,0.29704463
0,1,0,0.2183388
0,1,0,0.2183388
0,1,0,0.2183388
0,1,0,0.2183388
0,1,0,0.31732935
0,1,0,0.4640528
0,1,1,0.6058229
0,1,1,0.6058229
0,1,1,0.5794347
0,1,1,0.5794347
0,1,1,0.6483437
0,1,1,0.6468163
0,1,1,0.612072
0,1,1,0.57912874
0,1,1,0.6055231
0,1,1,0.6055231
0,1,1,0.65476656
0,1,1,0.65476656
0,1,1,0.65476656
0,1,1,0.7546396
0,1,1,0.75747675
0,1,1,0.543962
0,1,0,0.48700237
0,1,0,0.40353352
0,1,1,0.626183
0,1,1,0.7354216
0,1,1,0.7525359
0,1,1,0.7525359
0,1,1,0.60968286
0,1,1,0.60759985
0,1,0,0.45324835
0,1,1,0.6855797
0,1,1,0.7211949
0,1,1,0.77381116
0,1,1,0.77381116
0,1,1,0.8005142
0,1,1,0.81579787
0,1,1,0.7547444
0,1,1,0.729791
0,1,1,0.77929443
0,1,1,0.77929443
0,1,1,0.77453196
0,1,1,0.77453196
0,1,1,0.7319358
0,1,1,0.75126433
0,1,1,0.8082893
0,1,1,0.79943377
0,1,1,0.6853362
0,1,1,0.71253395
0,1,1,0.6553433
0,1,1,0.7103864
0,1,1,0.6801698
0,1,1,0.7161627
0,1,1,0.681193
0,1,1,0.704453
0,1,1,0.5612213
0,1,1,0.5521003
0,1,1,0.5379183
0,1,1,0.69173616
0,1,1,0.69173616
0,1,1,0.69173616
0,1,1,0.6168666
0,1,1,0.6456983
0,1,1,0.5601515
0,1,1,0.590463
0,1,1,0.590463
0,1,1,0.590463
0,1,1,0.6880286
0,1,1,0.6095951
0,1,1,0.66648966
0,1,1,0.6948445
0,1,1,0.6385631
0,1,1,0.66927135
0,1,1,0.6897064
0,1,1,0.65441763
0,1,1,0.65441763
0,1,1,0.65441763
0,1,1,0.6481771
0,1,1,0.6481771
0,1,1,0.5513578
0,1,1,0.5088963
0,1,1,0.5077463
0,1,1,0.5385633
0,1,0,0.4829914
0,1,1,0.51831675
0,1,0,0.41131514
0,1,0,0.37850758
0,1,0,0.40937024
0,1,0,0.3545347
0,1,0,0.38465244
0,1,1,0.5927606
0,1,1,0.573445
0,1,1,0.573445
0,1,1,0.573445
0,1,1,0.55148345
0,1,1,0.573445
0,1,0,0.47095218
0,1,0,0.3060548
0,1,1,0.6177504
0,1,1,0.6177504
0,1,0,0.38917825
0,1,1,0.58665645
0,1,1,0.6524263
0,1,1,0.75373036
0,1,1,0.7481728
0,1,1,0.7481728
0,1,1,0.77623683
0,1,1,0.7043471
0,1,1,0.70657295
0,1,1,0.6998209
0,1,1,0.60409725
0,1,1,0.6147595
0,1,1,0.6147595
0,1,1,0.679183
0,1,1,0.66338646
0,1,0,0.2262051
0,1,0,0.3390679
0,1,0,0.30796087
0,1,0,0.18617679
0,1,0,0.2314489
0,1,0,0.26428306
0,1,1,0.5847076
0,1,0,0.31085208
0,1,0,0.31085208
0,1,1,0.646618
0,1,1,0.65738237
0,1,1,0.65738237
0,1,1,0.60496306
0,1,0,0.4962187
0,1,1,0.5712951
0,1,0,0.40201265
0,1,0,0.420558
0,1,1,0.5006499
0,1,1,0.5182473
0,1,1,0.66059524
0,1,1,0.6449795
0,1,1,0.52795714
0,1,1,0.53304666
0,1,1,0.53304666
0,1,1,0.53304666
0,1,1,0.53304666
0,1,1,0.53304666
0,1,0,0.30742714
0,1,0,0.4600228
0,1,0,0.4600228
0,1,0,0.38143328
0,1,0,0.38143328
0,1,0,0.38143328
0,1,0,0.28395826
0,1,0,0.38823527
0,1,0,0.38823527
0,1,1,0.54521376
0,1,0,0.47470093
0,1,0,0.47470093
0,1,0,0.4726293
0,1,1,0.64451337
0,1,1,0.58153844
0,1,1,0.58153844
0,1,1,0.6619228
0,1,1,0.6773351
0,1,1,0.6440126
0,1,1,0.641932
0,1,1,0.641932
0,1,1,0.641932
0,1,1,0.64886224
0,1,1,0.64886224
0,1,1,0.64886224
0,1,0,0.44876903
0,1,0,0.31478694
0,1,0,0.41592857
0,1,1,0.66934043
0,1,1,0.67982656
0,1,1,0.5652976
0,1,1,0.5652976
0,1,1,0.6429935
0,1,1,0.51713026
0,1,0,0.24474585
0,1,0,0.2407984
0,1,0,0.42298543
0,1,0,0.42942443
0,1,0,0.36635455
0,1,1,0.57025504
0,1,1,0.57025504
0,1,1,0.60922176
0,1,1,0.7222919
0,1,1,0.5092477
0,1,0,0.4105152
0,1,1,0.5670218
0,1,1,0.58373433
0,1,1,0.58373433
0,1,1,0.64969146
0,1,1,0.6338929
0,1,1,0.5680674
0,1,0,0.41405946
0,1,0,0.41405946
0,1,0,0.41405946
0,1,0,0.45776197
0,1,1,0.5085131
0,1,1,0.50486696
0,1,1,0.5968796
0,1,1,0.5968796
0,1,1,0.5968796
0,1,1,0.5933648
0,1,1,0.56977934
0,1,0,0.46780646
0,1,1,0.6029214
0,1,1,0.6554573
0,1,1,0.6554573
0,1,1,0.75141317
0,1,1,0.75141317
0,1,1,0.74266064
0,1,1,0.7556535
0,1,1,0.53451043
0,1,0,0.34787017
0,1,0,0.2995282
0,1,0,0.27710253
0,1,0,0.3074615
0,1,0,0.21905482
0,1,0,0.16233324
0,1,0,0.1885052
0,1,1,0.5727242
0,1,1,0.5727242
0,1,1,0.5727242
0,1,1,0.5727242
0,1,1,0.5727242
0,1,1,0.64614534
0,1,1,0.59445536
0,1,1,0.59445536
0,1,1,0.57586265
0,1,0,0.4589836
0,1,0,0.28362548
0,1,0,0.38523683
0,1,0,0.38523683
0,1,0,0.40353048
0,1,0,0.40353048
0,1,0,0.43670723
0,1,1,0.5381336
0,1,1,0.51657623
0,1,0,0.45637655
0,1,1,0.51657623
0,1,1,0.51657623
0,1,0,0.45265043
0,1,1,0.51590824
0,1,1,0.6125377
0,1,1,0.6449795
0,1,0,0.2974254
0,1,1,0.5445932
0,1,1,0.56351763
0,1,1,0.5836434
0,1,0,0.37910795
0,1,1,0.5023583
0,1,0,0.37608832
0,1,0,0.20967966
0,1,0,0.2248767
0,1,0,0.42656562
0,1,0,0.29466656
0,1,0,0.39171475
0,1,0,0.36136872
0,1,0,0.40948403
0,1,0,0.37122905
0,1,0,0.48245394
